"","BE","SS","HH","HRLM","ICT","TT","IO","PC","ATI","GPI","TSI","NR","CR","NLR","ES","SI","DS"
"SGP",6.14955688411852,6.8159603171858,5.14041951841448,5.35733587257865,6.41052248007362,5.71097171737724,5.70060561256014,2.66954502346686,5.93551440636082,6.53931432722164,4.40727821856081,1.56912990111951,1.75183919367349,3.79655512780198,4.3730421375026,4.37986743313213,4.13517996055102
"ISL",5.29538242771694,6.58839793700298,5.74580151261867,5.4647161390388,6.39297105126542,5.68479014978862,4.66614938213618,1.43812739514391,4.68238042815097,3.04090185714286,6.1022250241941,3.21256385825951,1.55965970959373,1.32938693566539,5.22923651245047,4.46700294987549,2.57637971882077
"SLV",3.49312855486878,4.95880833581215,4.46517339341709,3.44366572579459,4.26314234456593,4.563081414236,3.19702305291809,4.72345498040179,2.94716670393312,2.85543723240382,1.73562112656272,1.69866281645293,1.17370595714188,1.50481516007981,4.28278174967991,4.36604010160069,4.6965728027742
"LKA",3.33660097877991,5.20705397380615,4.65705359188219,3.42295653737175,4.42885450021292,4.77917158977252,3.69353138473273,5.69228132850045,3.07479095348863,3.91878478947991,1.57832321917437,2.69830554272655,1.44393512851859,1.60766593796896,3.70432065153568,5.84373428186343,3.69761285825442
"TZA",3.64457544119699,5.54619615182913,1.89979442846701,3.81341350682757,3.65570516146995,5.29679969414934,4.22018498053403,4.80032857625109,2.94309880958264,3.29330485234287,1.41041699260109,4.7685244676085,1.60672650015739,1.55862910979844,4.17073316250854,5.39548457398028,4.01646982500701
"ISR",5.17857826478372,5.04453166682811,5.68719535165258,5.00196654717613,6.17324129156005,4.52479814973235,4.24822831229106,1.4215624220167,4.55002309359118,4.38586130888366,4.11524522877321,1.89635022184043,1.75530292640042,3.45157077670089,4.21660420254967,4.49218646300412,3.57431096796506
"MKD",3.92582484270321,5.97959223829993,5.51382737746473,3.67438518223561,4.87989980710792,3.42990819117291,3.67877466444552,5.41257424794067,2.55684654832409,2.71883974179333,2.5609228845523,1.83542406596689,1.53284928378349,1.26284365094485,4.00442610102797,4.03870468493867,3.02715551886858
"PRY",3.8895792401995,5.049658201843,4.62628079886477,3.59541496099618,4.20731272677235,5.11520076958249,3.0867170592082,5.62622352080956,2.1134783940994,2.03573429900732,1.43107977264104,2.16904416463936,1.44404692880195,1.39610943635763,3.98422911045799,6.06642000934341,3.10980154491465
"URY",5.02042595751807,5.35980656189644,5.86064710730102,4.3856906514425,5.66632806750515,4.56328195109873,3.20184935208745,3.91475288328117,2.65913289088933,3.31141769959655,3.97011920838403,1.66875297430412,1.71248614280239,2.10795377697175,4.85012214144563,3.704026266272,2.51469135944056
"JAM",3.85882317398507,4.345,3.86479483739746,4.12770224552831,4.20591619204274,6.16569266089182,3.85563835403062,2.82940863095314,3.58232071426499,3.76223787826087,2.63580236138292,1.82730870052355,1.47720247313345,1.18433081607929,3.97985683576258,5.09146336891259,4.22888460339933
"BGD",3.25283758726588,5.66531926830389,3.58367890293149,3.13129973903167,4.01552236829276,3.22605945614377,2.11652033133574,5.24627676698311,3.08200744013153,3.94758090494969,1.36568009908067,2.13836992944508,1.6335452306495,2.08895785101911,3.59599292007677,3.42356559911686,2.71075243270396
"MLI",3.09307171408614,2.95416,2.26987420162527,3.42861843031565,3.20881432903828,2.41247965575357,1.98295562806624,4.93085202775882,2.36665417272635,2.4116832588566,1.25947027695196,2.38947154514236,1.61111638446601,1.02517513761604,3.75976261980274,3.89424541239564,4.21157149612648
"SEN",3.53625771936177,5.51065476500441,2.94667107609533,3.22693978976393,4.40812592968224,2.47434629188203,3.32829705346347,4.24857413243127,2.73364469169382,2.92052452094612,1.36631760672923,2.59061808079388,1.57712165068467,1.38715626523261,3.80166071016039,4.67663083055531,4.41763197217721
"PAN",4.26018228904643,5.23440013678774,4.26498930080537,3.76697088235394,4.70507985742026,4.53247970948439,3.31916158444686,4.85047621402869,4.3315161653268,3.5327977426385,3.00064926201095,3.88156864039397,1.61581122723269,1.63291752926958,4.76902550737671,4.74049796607867,3.8873610260545
"KHM",3.62111512444513,6.136,3.18647970245059,3.636904643554,4.28065753647518,5.73709635726174,3.74921373467791,5.5766447366609,2.76253642153354,2.85254924507681,1.96594247552067,2.49611966578559,1.60239921235367,1.41424573202104,3.99082481387277,3.03318712212122,4.64986106323333
"LUX",6.10533794044548,6.5364566483929,5.76291274507351,5.26600795910141,6.39431626878985,4.65751067246632,4.65587268384752,3.20125504264274,3.73130935927268,5.78567361320755,4.18758518459506,1.30086802208546,1.34149016943771,3.27341283822231,6.16570423833183,2.90447689487971,3.45981728463576
"OMN",4.84428717793388,6.35119827379072,4.39091598721903,3.90199838406085,5.49717301358224,3.39441745408569,4.11615905728476,5.10652015579185,3.9067873682204,3.7240530924657,2.64116333776132,2.09730970682381,1.99349849356094,1.9992150499577,3.59460602731382,3.50370492270657,4.64777109863637
"HRV",4.27154653440203,6.24748876977135,6.00821198681718,4.17276850336997,5.66693974109809,4.83547007267094,4.69832924829226,2.95982401320722,3.68276740820979,3.85176209879997,5.16683957679569,3.53975544961146,2.24516434762089,1.66600678501649,5.22252804013134,3.44439665434775,2.60603566561744
"IRL",5.59277946679069,6.10743244336438,5.68067097974551,5.32384489713033,5.90707950114994,3.77949313636902,4.67150008104267,2.78076479825604,4.98187882674278,4.32805779902544,4.55470810282275,1.9840609342784,2.48359868591385,4.18130697151035,4.93591128312842,3.86352389125262,4.3394685531012
"NIC",3.13416094725473,5.31474273560916,3.39586144186624,3.2617711275564,3.37162500789051,4.35726796544949,3.03431340904903,5.17127543195835,2.23287925102319,2.55447006902799,1.40913092640235,2.67631856084094,1.23725328104426,1.3703702431491,4.29736917511667,4.18459125916469,4.03793392225398
"BGR",4.53479077903827,5.7338808055049,6.42761511870751,4.58899318402762,5.70416422282695,4.51984127259604,4.72922831771403,5.21997360172539,3.52946504741416,3.54356007193223,3.37873368109031,2.82277601658134,2.1010123931456,1.83944269530087,5.43893754580032,4.79651293285123,3.27143439970574
"MWI",3.21022747063337,5.5328,2.19832252229638,3.8776684017067,3.05925697716991,2.56050836134563,3.10784180327577,4.59720607534693,1.83771878308259,2.53958351420737,1.23049089825368,2.5083481061417,1.43213360363985,1.16908898781369,3.65864117703184,4.96776471948815,4.57253596426682
"MLT",5.11751818127525,6.231295671998,6.41167378615098,4.64890323877678,6.09258841182833,5.53628413206995,4.71790681532953,3.77017803528135,4.42626422354758,4.04810268455989,4.87483523993968,1.68438637454897,1.57644078608484,1.94382303141527,4.10641163991923,4.03132102998724,3.86751714614988
"NPL",2.91387031066313,5.39104701989869,3.52016892125458,3.27240273077676,3.24130635171571,4.56910850434747,3.74068143593,5.77434972252797,2.70142218355673,2.23815585845265,1.34884216229488,2.61274963743764,1.18189149139407,1.28264293828433,3.82195051130628,4.82931042203873,4.34593346789387
"CMR",3.19701111541824,3.49787345397859,2.04533656624713,3.70271401103533,2.89738154828805,2.51362365526448,1.72584706595727,5.1311904875404,2.21932927397374,2.74891800292055,1.28165304202335,3.37000421051015,1.36896603055517,1.42903998202561,3.82621255292062,4.77263167691973,5.09760162067232
"BOL",2.86907589014074,5.07476208231618,3.76940862934707,3.76688004867493,4.50046357319438,3.76526900300237,3.47708050313235,6.08593048244068,2.30674333827875,2.37607355979247,1.46736882762967,3.64678249376391,2.23567896711261,1.55223808516695,3.89286992015546,4.63839276522032,3.24941822440198
"CAN",5.7565982524352,5.96938962105424,5.19673087674172,5.36543711556186,6.04526677712095,4.55041738875894,4.0009777080067,3.18888552890701,5.36673498116168,3.74059180452344,4.08328246449298,5.60051753438132,2.8895656787405,6.37760020622655,5.25064248611059,4.48463302569296,3.81844470466859
"AGO",2.74476559766283,5.34158017657413,2.187750724171,3.2346774839456,3.17903486020654,2.39335357266667,2.58432769486373,5.40741209523017,2.25406004106079,1.98290115391467,1.84606101117862,3.10087304533751,1.19160695680154,1.24964772529014,3.8026563926349,5.44520491871059,3.98896662864147
"HND",3.12604258694456,4.27615978033328,3.59729221128395,3.12235707462565,3.27810058435081,4.73112958204146,2.80657660874281,4.53338110634443,2.51447412751565,2.43347243483046,1.57344425649394,2.80579717617665,1.24597498297713,1.41919029960949,4.19181656708159,4.50037235094839,4.0186549253798
"LAO",3.54282927484852,5.8952,3.50298368601766,3.67909079325589,3.51385407602718,4.31121967610859,3.77850377517044,5.62249966197372,2.35941407541306,2.9409107815642,1.77228129497315,2.36202710856158,1.27228196608054,1.10600693875635,3.76509434042645,5.4213738242362,4.36582699159844
"CIV",3.57879026511773,4.78508865355129,1.67366125091737,3.72148689443479,4.17164312643542,2.30889029733402,2.89068673846034,4.9265336752315,2.53512850849046,3.26231725972301,1.25759416921213,3.14178718048952,1.35929579776986,1.25915173390601,4.14912712798262,3.81375691803324,4.38750312762017
"ZWE",2.76813982491584,5.36891423241078,2.51724283282224,4.07596298473647,3.6635265120931,2.78372458719576,3.70398485705497,4.37154179401836,2.20298337763828,2.37746284063672,1.31143103608321,2.95387603324921,1.34390674062896,1.44920205771726,4.31407896095682,4.81153877564774,4.18396607525128
"MNG",3.36513496754778,5.25386692534536,5.69856288225577,4.12135932718081,5.13849353416139,4.64932213778631,2.82455994389645,5.47370128897029,2.14244155309847,2.0891424887721,2.54904472401678,3.24812536247448,1.92875663140012,1.30860107340434,3.73956222274845,4.40461315721215,2.83562199184608
"GTM",3.98028487215454,4.96617729992461,3.59897888065655,3.23026934621853,3.78126840034987,4.19191940766168,3.82475328265022,4.95640544470162,2.50371233435754,2.2925738476562,1.79259396320377,2.77693965245319,1.43969400312165,1.56080644472792,3.85390864107477,5.27924747564514,4.05322256085269
"GHA",3.62382787116184,5.72434448213847,2.16478064151565,4.07688550619852,4.50622542852557,3.52685968893624,2.21398950907535,4.86075820978737,2.58496200502668,2.877714195091,1.74111003703159,2.33382661505746,1.23692749848961,1.56423553741886,3.9896185339882,4.21662582529152,4.58216605501879
"CHL",4.74391923418567,4.51543845300597,5.19616412440999,4.31817221976453,5.77215014843114,5.32802016213383,4.71071024239565,4.6948291036224,3.54006129495487,3.45808842692203,3.74926826022986,3.20001971709476,2.18811976457937,3.26957794106078,5.12012731345387,5.42570651745438,4.36355996751674
"CHN",4.73413478567268,6.51615918547375,5.27394218797819,4.50606684872433,6.09618735734644,3.83586411220568,3.89139925057578,5.16753055706176,5.26464528602714,4.57161633248374,1.95008610113996,6.19526049478662,6.58615210889291,5.78975275814743,4.46273058125057,5.357731000915,3.79288650004028
"ARG",2.77107496533871,5.01509285775181,5.97197699482967,4.05698253874583,5.05118255062428,4.77090511461288,4.16146265665187,4.90015596287463,3.20965657427586,2.83059992188095,3.09992630400984,4.52229022577714,3.29143167533756,2.66475214380857,4.52661948910561,4.87050913160326,3.99749174069716
"ZAF",3.87893373399018,3.97498766437364,3.55333252912744,3.97773716076747,5.15560510164356,4.37973864415793,4.35099492446331,5.16731645518734,3.68781764198118,3.32703115310309,2.40720022624508,4.85570698552623,2.67183979265607,4.19003049176381,3.90630258514882,4.68842944910379,3.71328760602989
"GEO",4.93825154115695,6.16831994739592,5.48738365023599,4.85244609395286,5.50581958610341,4.68416269457472,4.50474827382625,5.46531609928741,3.350025422505,3.91636340383066,3.52618851684066,2.05243702390299,1.80902186307801,1.55779516090105,4.49890219739772,4.03300647727933,3.9940042207699
"VEN",1.98277859684012,3.70581217874714,3.93667909777341,3.70148530444924,3.73323363835177,4.08289548643734,2.84577100703903,5.86754487882585,2.26292887417608,2.08492161721512,1.45808624822074,4.51966104484393,1.96741932579347,2.04772434431038,3.94314173430404,4.89586794594432,3.79538536477304
"VNM",4.06048628836298,6.19376,4.2993122671663,4.35096782427477,5.18081399961326,3.63381462165331,3.61488688554343,5.68249152103814,4.03598598220217,3.65320558606102,2.20200832006927,3.78342441588155,2.8028945125459,3.08642738359176,3.88684108827914,2.85347107341694,3.96287299738967
"GBR",5.62355256948242,5.5686974435827,5.43026741714476,4.96503099324091,6.15645360983094,4.16540340204438,4.95783424722724,2.74221023432405,5.85474004553244,5.12738284467483,4.06846471218241,3.96451412793051,5.82904323836399,6.22280180543395,5.74053071142567,4.14936271170676,3.7834814402374
"BRA",3.39113160117678,4.3246910834943,4.43086287949639,3.95294063298577,5.02706497654053,4.16211308730197,4.69258785298186,5.32008970202988,3.88423790200602,2.72672064071469,2.44934949315261,6.19067230561192,5.4368686662315,4.37477827086129,4.98359445610739,5.42128279638234,4.20856169262787
"CRI",4.22880454668702,5.35865160594083,4.58959835464654,4.36117546460468,5.18309048768102,5.67906417911251,4.08335256822881,3.67302056270041,3.48314325758324,3.13097333719646,3.48323425095185,4.16858744216955,1.46389421982305,1.87498493500928,5.27722312593904,4.27038217684903,5.05592316188795
"FRA",5.34858471901105,5.77806136604878,6.19860540264318,5.02359969760476,6.21623348631914,4.92839255623726,4.74858005399896,3.18482416139999,5.48613517421062,5.31137976775992,5.03206680643329,5.40933153989346,6.24839128457902,5.06718205271539,5.89064280524995,3.15107172728533,3.21665161683685
"SWE",5.84787652040318,6.13997706207557,5.90111366716601,5.43795717991161,6.27115544272095,4.54362112258469,4.87702711074426,3.38194951552211,4.21426856063587,4.6304950292627,4.17653606447877,2.87410960887964,2.33935734210291,4.20496429644385,5.89468678029944,3.92094610979875,3.09848265314313
"SVN",4.79280433123804,6.50301413672063,5.73861541245811,4.79928717435423,5.83706771232033,5.6749142064759,4.94237912394074,4.22912710015621,2.26428331748298,4.71737022707201,4.86908987169011,2.52554147796255,1.61550461638192,1.53253070775239,6.00324463485516,3.64658716827148,2.05330306921836
"DZA",3.23810264553736,5.57678411547145,4.35047343711551,3.0328343011349,4.40708684877601,3.69217887014805,2.49409906911973,6.02824603689882,2.66006638123668,2.80142414589823,2.61390246641045,2.47421441259864,2.20023312077982,1.9364233261721,3.4174221929516,4.47447058167614,2.82255809767374
"KAZ",3.92784420263672,5.68728152355708,5.97752629669503,4.46007783094291,5.41804837883833,4.30528398834886,3.15419335184328,6.13579840909774,3.19315295360544,2.8249723936412,3.13963284979044,3.63721328605603,2.07300177600818,2.22255990343947,3.95424249182458,5.49698132812635,3.55296738610849
"BEL",5.52872813780203,5.87327866387198,6.61737477066657,5.09296337798064,6.12414033925955,4.03171377961993,5.23054566910121,3.17195355919815,4.35470818383266,5.36250467647672,3.1194507679208,1.91377587302986,3.15937351845444,3.14157826952486,5.41579501436494,3.99281120093335,3.50401189265963
"AUS",5.61968078300069,5.97013665935965,5.97543763627908,5.2258495639711,6.19444030049201,4.89968827335205,4.8477847022732,2.74747293742645,5.22724544540397,3.67576440321336,4.62361345838145,6.42240868587918,3.77501506219728,5.08972511555273,5.17840169958898,5.00062846890948,4.45696185078502
"BRB",3.6367827242606,5.28729035648499,5.48751936182376,4.02106521551204,4.87948265752524,5.52079718909396,4.60760689985596,1.31874166004184,4.06718715632341,3.854286,4.69771704816914,1.25534988788459,1.09824160646449,1.06969519106065,3.94483539570476,3.81113188562548,4.46800185871691
"USA",5.7110004583771,5.35680326619327,5.55504150714905,5.15892502527876,6.32235659225214,4.93926818766274,4.77762397428648,2.59087281142073,6.14792296936495,4.41944027177612,5.46128653639187,6.2346382140477,5.05523505347963,6.62816337730265,4.93649996133466,5.0258045804484,4.82601908822475
"SLE",2.66251423414254,5.5637880089846,1.4594283282081,2.99438977656646,2.34213966976963,3.74849506407538,3.07211409446383,5.2901120496689,1.69240186409435,2.20634846630917,1.30919519568404,1.93043622007595,1.0076107482327,1.03861474764081,3.24491285716928,4.98315963996303,4.5802954421239
"RWA",4.33114200776789,6.35133476544003,2.90550780875899,3.73731381264143,3.83553353109122,4.12370985908635,4.24041136546624,4.63416090690731,2.39920564815587,3.21959346513772,1.40529185730519,1.6799466297313,1.09478641534343,1.11745098564613,4.09534789650345,4.72519325666846,4.82822664221636
"JPN",5.38068297081082,5.9830916423234,6.23081308192902,4.90354361847641,6.02969709933993,4.78261971276462,4.06108725936787,4.34020211218163,5.33884920787407,6.07924824835144,2.93038301310003,5.10598762902123,6.70551591613056,5.93041076248922,5.1977372502061,4.57486499596702,3.02111937661924
"ARM",3.94620688001159,5.61725482712522,5.81668126278273,4.43556342934771,5.04109760250557,4.76514521519813,3.33089270349143,5.58348080026427,3.04631119883603,2.81116485748291,2.31230437107872,1.48406155041812,1.50065929130465,1.38639856634671,3.90206390702134,3.81365572475531,4.65032892155582
"CHE",6.06260406410919,6.43107056235375,6.29739333333333,5.58517949202202,6.36005696894429,5.44076806631552,4.66679381024406,1.68424240610802,5.54361659777124,6.24175202961379,4.55322585645155,3.12162181449836,2.16839503985672,4.38702419925408,5.84195691944483,4.21861157878008,3.18077253261882
"GRC",4.46890809251867,5.29575789755552,6.34128411775247,4.32105828539853,5.85190429051457,5.42964750625595,4.7988071087536,3.15705586435692,5.51935826475198,3.72785469779712,5.95379184550313,3.02889274941199,3.01058198805654,3.3338555047317,5.23400815676666,4.28722637019319,2.99585321986303
"AUT",5.60957811509487,6.01692729050468,7,5.06770709532407,6.08528983737527,5.44150449911663,4.80480944506112,3.41417126830809,4.49132700490109,5.02218782237262,5.32000349704069,3.01253421456497,2.64843628815806,3.33364254402993,5.70204464987521,2.91147710609,3.21986213583446
"MYS",4.90787694006413,5.87820891695026,4.50902146549625,3.88469797808302,5.63600108902146,4.22055552992998,4.99108116992389,6.20080164504003,4.18492582307261,4.05456628777248,2.79347112665691,3.95874418363541,2.44769630592434,3.88397636647826,4.31064091010612,2.79648892087963,4.08792551492348
"TUR",3.55464177189556,4.95778911260244,4.85367295242858,3.51963001071081,5.28846138529749,6.12403663746366,4.16398325825273,5.19123387691752,5.50047016183446,3.72369334025273,3.39776594128972,3.49939775286748,4.95974643324971,4.22607327654376,4.18052391668437,4.32343968107567,3.10383449146039
"MAR",4.15098254106794,5.74835086167168,3.71411716859467,3.09877171141427,4.40920213179679,4.37839290620244,4.18802091876944,4.8403423241982,3.64522974614331,3.3309838420248,2.31253254865404,2.19637770896864,2.75438632705754,2.90087259165182,3.99922145773446,2.68904823276246,3.49366464396424
"IDN",4.66968706769707,5.77432033906877,3.78326695066748,4.13206997703192,4.81298946523355,6.03016776226417,3.83009283025378,5.44378398440485,4.34460174158959,3.97126647478589,1.8956868196069,5.43348650856518,3.98213266895253,3.0619141667975,4.34235113205033,5.40657343748427,4.83821725371631
"PRT",4.97187220713432,6.54812471167684,6.17225123544077,4.72023147747106,6.01732767644667,5.14435465102075,4.90199108747312,3.62525512242331,5.29384076405435,4.34880600635364,4.62488326019837,3.38695748819715,4.41664870262539,3.88353272743022,5.20274090400293,4.75736716734174,3.26356462913133
"IND",3.78952840642075,5.06213009761754,3.47285200417673,2.85392674791812,3.84316365826785,4.11067664056137,4.13241304717976,5.65555427587344,4.59120353273488,4.43205950614303,1.59508598236004,5.79533179540897,5.62442256044101,5.0475599150871,3.64205539744572,4.0061488003111,4.5548293695865
"ESP",4.91546886296735,6.14013222844557,5.9884223597761,4.74688008131438,6.05185522275115,5.72505783202814,5.01123091472055,3.60193945922212,6.05686620395151,4.9238396542326,5.46056896179728,4.95387099870257,6.64297169014064,4.80592928163068,5.38939604363969,4.24753221946731,3.34088437753719
"KOR",4.84370436096191,6.28916270299796,6.21034301801705,4.57603709260925,6.55027328931582,4.55796259223128,3.87207102792715,4.5456377293509,4.68740121468185,5.39885193761384,2.81935469269878,2.3559817634762,5.58824377337222,4.72448768777014,4.70097855718367,5.24954741680921,3.66790294949352
"IRN",2.45668282008717,5.39329546013289,4.2903496019598,3.03552813145615,4.90388351621445,3.87288636146374,3.07786504805191,6.02545079737259,2.88038301569484,2.85474959904005,3.00549606705235,3.47314405266522,3.75728934218419,2.15595693494674,3.96163273234003,4.6131096936943,3.4061270510239
"BWA",4.71066317428153,5.00312150486995,3.56903179386638,4.66734723760003,4.5731126176846,4.36767808405702,2.53204549527625,5.26904901509598,2.07525079690832,2.92821501442806,3.75767608501113,2.69887708065217,1.29478550592275,1.17461596076811,4.59893287065321,6.0672116967758,3.7318685038761
"NAM",3.86294549086485,5.13700590834419,2.95668897843988,3.95735164304046,4.40679413815075,3.79566271327094,2.47704325913569,5.54715777986614,2.36566221884478,3.24524875003318,2.25634332727097,3.20786978120034,1.18656652397962,1.14273884215577,4.69518349227298,4.45958726762574,3.90691989477572
"ITA",4.89423719661732,5.78974096457212,5.88385941222492,4.68120021166388,5.84786429940912,5.2308708635313,4.80094436450717,3.15031655326043,5.24389166235038,4.7905969842704,4.59785939456841,4.99801612220253,6.73885929339187,4.22979274079423,5.36812459861135,3.4632170136938,3.53243391858707
"ZMB",3.74209292702392,5.2150078962447,2.37995064687832,3.67374954375439,3.67713931092238,3.94314891924518,3.27769135103732,5.24301773761558,2.28996729866066,2.53765818870306,1.33108010912204,3.13953231315315,1.36782216741263,1.29233531367501,4.22493543811948,5.00430662965595,4.46621164484494
"DEU",5.58303415794404,5.75263008538075,6.85552,5.08685056880406,6.1217291272425,5.18875430594018,5.04545346191833,3.65434974570627,5.35040938763733,5.34132313768051,3.56393853677767,3.46794129813419,6.26666666666667,5.26740389316412,5.62328300090732,3.40696895005363,3.35150753315734
"MEX",3.97967803050106,2.77361388050672,4.43183627288284,3.80961916915171,4.86750521631667,4.4080154940617,3.95793621065919,4.52638752169367,4.38331759891786,3.13401703837399,2.21994375777799,6.42763055375796,6.35,4.60805687548088,4.50596010865813,3.42421980156761,4.56390750725379
"SVK",4.68049427610439,5.84553540650214,6.33771983038881,4.60015866568618,5.77653429708269,4.76567602165326,4.18710062301338,4.57026353731416,2.25065180200123,4.25898799701827,2.83813191245328,2.20464831747865,1.87991043713418,1.77133667767528,5.79997209633903,3.5609446318639,2.60694488504653
"ECU",3.03750056355087,4.52270657875524,4.45171416776668,3.55273490712131,4.39121465261078,4.45003845581192,3.65186792003663,5.65943438039923,3.01271136618155,2.84134234901614,2.06781067774674,4.1914213188047,2.11108933791813,2.18214532292433,4.54265011835686,3.39404002724663,4.21925600753548
"NGA",3.19012593735427,3.28117216274599,2.08986461508868,3.63424263947792,3.60520566233529,2.2367312908,3.23710424705849,4.95553986915436,2.93919821091035,2.34879347499419,2.49012575601064,2.98854246636102,1.83519707278327,2.49212470188829,3.77709718256278,5.34382569406264,3.60425490107216
"EGY",3.8824054021191,5.37448191864835,3.9512606115206,3.42673105520331,4.45154628360817,5.86542079502658,3.08593696171102,6.10577328550077,4.58024091385787,3.85477494049251,2.76075713493027,3.10793711629294,3.17995415256744,2.39485953093325,4.06709936185857,2.26666410285848,4.90142751108532
"COL",3.96502414018776,3.48626177062092,4.56552834329134,4.00303049851962,4.99751872420644,4.04966125985657,4.44406052595366,6.01625950685646,3.70279632110104,2.80445366713391,2.45908185857775,5.20087535225276,3.78789853330625,3.39788251442244,4.40393035992446,4.07855849286262,4.05090471203791
"MDA",3.56066961342948,5.79941055099329,5.85152997058164,4.14619919100636,5.022082315308,3.49749587331464,3.57249033737825,5.37539938061781,2.60411858923411,2.95403865189062,1.6448708079783,1.36215515811089,1.25041861523424,1.24216848970548,4.48120402167356,3.98964220952343,3.5835607836944
"MNE",3.85750382370989,6.12443706663205,5.41841192902096,3.79718443042908,5.21572646900155,4.27791818733138,4.13651878980644,4.72534600238158,3.01189985652473,3.34692057918141,6.06960827836335,1.77431405664149,1.22204840839826,1.1448289294789,4.50985846891081,5.3453787097601,3.28079190999897
"CYP",4.95880065606897,5.79152082842786,6.20833333333333,4.82483486722776,5.69292144428756,5.34173642670027,4.78403097443533,3.82119172260522,4.9460702408151,3.58588426473814,6.50259561058626,1.73660798895522,1.61496217967251,2.34335631089534,4.81667969100197,4.01630369229363,3.38882506218975
"PHL",4.08982038572778,5.27040237726624,3.66486398771434,4.03204110528168,4.37796791116795,4.71676070863003,4.0085683029355,5.58745448608706,3.62240756664933,3.11737163578417,1.54815626845916,3.93165280374992,2.00705712275357,2.88552812715406,4.52476031849246,3.41905597208112,4.51985022300042
"POL",4.4555051064172,5.98117609558866,6.13676559702062,4.58635823193036,5.88989411203822,4.73047631415573,4.89798896832981,5.02595192217399,3.66128451680491,4.71173057678417,2.95308755193169,2.83569454326401,3.30389252654693,3.60038713827316,4.97372224317217,3.75365501018553,3.37905825801383
"NLD",5.75963348942719,6.17954538146318,5.79165195284745,5.2314711921788,6.50777752162019,4.69853452924488,5.21029266078478,2.87416999478136,5.4338178898214,6.33208893438236,3.30332101809555,2.55153145523041,2.83990421860619,4.0775783202168,5.54817121236546,3.36768333844806,3.12291568348974
"CZE",5.15930056311229,6.35211355126354,6.70352292587246,4.63513576975554,6.01048730625579,5.12902983099126,5.05940887253488,4.39554994323662,3.67724573687678,5.01033901381194,3.66305887314735,2.01056423858867,2.25872806649481,2.25401957167376,5.25712558447447,3.00779500552472,2.74372166264215
"HUN",4.65333742018262,6.2641033355421,6.28689954551255,4.43648634870392,5.82160534991864,5.36372987149896,4.71299770716521,4.6807421109448,3.68205089956575,4.93832634343832,2.7052834578805,1.97174788371482,2.20078106599549,2.57304635656021,5.43449610143065,3.71157376429657,3.15045587853497
"ROU",4.48533001044695,5.6976647742822,6.01089162817605,4.15320995942031,5.41382509292949,3.70382022263056,4.81478358857673,5.12841222611163,3.43120427986164,3.50091691540501,4.37024870360864,2.5818779359169,2.17180569994624,2.16001517391382,5.18093398686926,5.32405112941609,3.11303378646111
"NZL",5.55232282543666,5.61782747686747,5.47257727505283,5.28920723752566,5.95082559080598,4.25175836092784,5.07448306609439,3.01528650792923,3.9942977599079,3.72722329304081,4.92943686679536,3.64489024159796,2.01533348262704,2.57646872034028,5.35483961715251,4.35864453304261,4.16634476885711
"SAU",4.95432356873856,6.36335221716775,4.79196000728759,4.58549538978905,6.00371835627348,4.42633681534953,3.09939277550874,4.51580593335577,4.963749078,3.837012887767,3.9582923708124,2.99482937278165,2.58213861969348,3.33336810700546,3.87154411588566,2.95539511040222,4.68948532487159
"PER",4.2181000671245,4.72532614416269,4.084184821484,3.91102346722462,4.53924273068885,4.82454018576292,3.86658871545637,5.22339710346288,3.28159882200866,2.70490700917114,2.43101400125213,4.7278416768353,3.01362750500318,2.34381803251247,4.28416051667945,4.84211277929898,3.33978066519888
"LVA",4.56803922315404,6.05332985310464,5.78869967506332,4.80086886222709,5.90337648588251,4.38702057169222,4.32529859104628,4.73212558359031,3.07607159546197,3.75192278173375,3.20021968622594,1.5890449245784,1.25265072784557,1.53041715288346,5.04265015596376,3.19189873871243,2.75691103616373
"ALB",4.54969451588301,5.97752125434808,4.89745668477239,4.54282261906876,4.90092182305826,5.18645646664567,4.55748423024643,4.99611139444406,3.22970825641123,3.33176144195594,3.00548448644602,2.16742305511861,1.28889943669286,1.52418478599277,4.91347741482685,3.27275845951348,3.42543693260209
"JOR",4.58162072417922,6.29513682011414,4.69270802350483,3.69647848625543,4.78693223928623,5.58088237537171,3.70435142747906,4.49703426640677,3.66180642245451,3.4485936949207,1.92407084856655,1.833173199101,1.64831624086984,2.19510455414215,4.21683944967565,4.07834391746175,3.86001724734777
"TTO",3.79855265924143,4.23542868248099,5.19866164960537,3.69326997604528,4.75712129392839,4.01562229660329,4.71369251963023,3.35865950377736,2.72473376024077,3.59585771679915,3.09362305153866,1.47472485237846,1.27719905911467,1.28587654941429,4.17600119837335,4.33720409945373,4.02930235880943
"TJK",3.60409123420715,6.07934545657974,4.70991255188181,3.69255006724574,3.3889391796429,3.2109513628135,2.64544194724724,5.89964325410012,2.37866680561642,2.93917418418875,1.62743970981666,2.36612004534704,1.46018560719562,1.13757135938091,3.92671784721396,4.65760213374011,4.46379824486873
"DNK",5.77153734750681,6.51392652601478,5.81476465798903,5.52214682432185,6.60247736030615,3.76596084715781,5.16194029214661,2.88121882943573,4.75682371375716,5.52535920814066,4.89623701356695,2.76271638495632,2.02525685439735,3.37023884261494,5.69414897693026,4.31440805080962,3.33917786005831
"PAK",3.41309149975981,4.52650517108215,3.49486143543642,3.23640222408138,3.30003212620557,3.07763963696559,2.94788478400426,6.04388159262376,3.31078104776777,3.36777493049691,1.66571930248541,2.88710721330218,1.9727003708392,2.77135116321488,3.63553149767097,4.31077756549367,3.96685053759432
"TUN",3.43247705228446,5.17078761736685,4.4063964261982,3.37661632692056,4.27995672887123,5.59785632746518,3.42566423069142,5.93554817787878,2.94915458253907,2.6919181927202,2.6901331830419,2.02450412533219,1.83301531387668,2.64086796888413,3.96673707586478,3.44506750465334,3.3481697925845
"AZE",4.55788224084037,5.2585915241668,5.44737026813806,4.47240738341134,5.06763883873561,4.49840233993321,3.70421808155007,5.83094558826298,3.15228627903791,4.28699433705135,2.82808114507663,1.841580969894,2.48298962321642,1.53290017955378,3.97383518198519,4.40991253324985,4.28089541583226
"QAT",5.11487613189094,6.77660831363329,4.67016635322213,4.47473397108845,5.82666367626054,3.31733295399326,3.97220682096761,3.34412020972928,5.46030598507657,4.22181512441472,3.66178148709436,1.30668499768913,1.86464908840052,3.14559671408369,3.76947158744405,4.10905008739503,3.21965289850463
"LTU",5.07813955368443,5.93569011812569,6.45326586981661,5.24938725404802,6.0555146477191,4.35164882082249,4.08765783010623,4.94140642746982,2.93749387839611,4.4708973891885,3.56495508267623,1.59708409460848,1.66182054515069,1.57837554820021,5.26027610812011,4.49675296996554,3.1614326368923
"MUS",4.90718562822162,6.05529718853704,5.12513661400468,4.05096567540421,5.4126586547034,5.93195799708014,4.79318667617208,3.90903057301562,4.12201614050689,3.89833568148148,3.11736823710085,1.41353306192563,1.47995929681847,1.32548754808361,3.74495345871221,3.98487524367236,4.31986327053448
"DOM",4.21525059789761,4.89833663065154,4.1377199611275,3.89833939392659,4.67674601828882,5.83426398045903,4.19817924313295,3.79362322221697,4.30167440483546,3.26835520366837,3.4040685504757,2.24928679820617,1.46912924480268,1.62765355836149,4.37845117987261,5.37692325145559,4.29689774905597
"BEN",3.58860424062877,5.01330965184764,1.46231322801273,3.84259004309848,3.56386646273788,2.66319873123582,3.32088783878083,5.36612983789335,2.4022344841756,3.30950148971327,1.34120048908141,2.32310545261838,1.44470828349441,1.05821334604818,3.82893632747414,5.09258883703142,4.02808204587882
"UZB",4.05816129193987,6.16606173298911,5.00462658581575,4.35370195764824,5.02108639958898,3.29845973453192,3.38492571628065,5.49308480429643,3.04568293736375,3.44362103064501,1.44543562293893,2.4863795110764,1.85275157546646,1.42886914715937,3.08237559510777,4.80197032636299,4.13057200537476
"FIN",6.00384127731342,6.55917088226209,6.04964333333333,5.54046999192774,6.37614260624449,4.48283051163446,4.70911308239206,3.29073540426097,4.25765138676941,4.41014860209246,3.43726530928683,2.4079162296244,1.80556397845432,3.56379861712023,5.84413443056903,5.19434842215214,2.9210831698194
"KWT",4.44195565943559,6.52919499994444,4.78491979451988,3.72250949411642,5.32120811251857,2.28067358333333,2.87513925687688,3.73683234369367,4.14797401759333,3.0021617395086,1.71631174945064,1.35355751697035,1.32702870360473,2.44943757918497,3.73333489440737,3.98562590147956,3.09365821357192
"BIH",3.31159310136576,6.00086755409678,5.10047022935503,3.62023861918789,4.88232723566838,2.824152828,4.63199529615961,5.09704597344362,2.52053953963293,2.56592399307664,2.85361636566709,1.73998928889119,1.5861357791801,1.32993624850329,4.07419148634391,4.499786274307,2.97586669797407
"THA",4.15180929602532,4.86757557588651,4.30718423344237,4.0630554760376,5.68308432359555,4.14164420915188,4.33957831716073,4.96406737009454,4.88991170150167,3.76120509722368,2.1758322524968,4.54898280969233,2.862876854628,4.17469910293255,4.12515612665745,3.30407490188815,3.66523957998171
"KGZ",3.45451299836847,5.6468,5.01044336184405,4.12360940754823,4.38892391006339,3.51165339190415,3.12678503410318,5.87477317452826,2.53478620812129,2.21881239144889,1.25677755621982,2.02628719874674,1.70681227011052,1.19663623613954,3.43123281450256,3.83503559762163,4.11579217276714
"KEN",3.66285049484857,4.61358448076045,2.31114328278332,4.02519059169152,4.00079065026042,4.84782848282233,3.45676904094171,5.08410383785747,3.21456737502845,3.2330510613908,1.2506121722169,3.75505728244078,1.65850142271693,1.99249983453745,4.52645641753462,6.05468169679937,4.89260032547666
"SRB",4.1904633224655,6.10278953381898,6.02473995084738,4.34003110532694,5.56198679539426,3.7151318089929,4.50209247577189,4.95280367762051,3.39106487985392,3.51206306794806,2.44781082127587,1.58683330513344,1.71626338376756,1.71647256682927,4.08781349524581,4.30608453731977,3.39016786568481
"ARE",5.56986489962121,6.39965060426067,4.83184854101832,4.6720706127713,6.23319626659389,5.38583493162239,5.66670461054507,4.27839005783957,6.51508706685104,4.6742587251867,5.48352953569884,1.8486866848382,2.48303649129284,3.83811791412234,4.05695795188714,2.6723581695232,3.92054560382961
"LBN",3.03685814503261,5.02338034355452,4.88065685627971,3.65640998535583,4.34652179808168,5.98055754530669,3.29061872364862,4.09212355689039,3.42500013221307,2.47269090773639,4.35765809408589,1.34986211806358,1.77479707518505,1.85563147824331,3.72333086892468,5.28024110614319,3.75731922259968
"BHR",4.80269328769378,5.98743210240883,4.30534165057934,3.98496701030257,5.73519046896281,4.85686366728202,3.56672336838404,4.74202107946573,4.46483206455629,4.50741058620291,3.33986469224768,1.22135754433509,1.54580037118819,2.4232910016931,3.50516705792315,3.97741401293543,4.39531980801811
"EST",5.55273491898407,6.2917280637254,5.8593737407704,5.32213704347237,6.41664795418544,5.70339450931115,4.14784681112108,4.29415800296496,2.82872231841325,4.62895368817204,3.89640263454567,1.60418804949729,1.84988940115158,1.43176721762571,5.30537515877315,4.4497303568182,3.10412499471706
